,restype,chi1,chi2,chi3,chi4
1,ALA,False,False,False,False
2,GLY,False,False,False,False
3,CYS,True,False,False,False
4,ASP,True,True,False,False
5,GLU,True,True,True,False
6,PHE,True,True,False,False
7,HIS,True,True,False,False
8,ILE,True,True,False,False
9,LYS,True,True,True,True
10,LEU,True,True,False,False
11,MET,True,True,True,False
12,ASN,True,True,False,False
13,PRO,True,False,False,False
14,GLN,True,True,True,False
15,ARG,True,True,True,True
16,SER,True,False,False,False
17,THR,True,False,False,False
18,VAL,True,False,False,False
19,TRP,True,True,False,False
20,TYR,True,True,False,False
